qid,doc_id
q_025ed27ba2,d_61e313b506
q_025ed27ba2,d_6c8b749b65
q_025ed27ba2,d_647812641b
q_025ed27ba2,d_c43cad7282
q_025ed27ba2,d_6c4d07449c
q_0288552f11,d_d68f4ab7ea
q_0288552f11,d_0e189b18aa
q_0288552f11,d_6c4d07449c
q_0288552f11,d_6c8b749b65
q_0288552f11,d_61e313b506
q_0347af23fe,d_61e313b506
q_0347af23fe,d_0e189b18aa
q_0347af23fe,d_4a9981e720
q_0347af23fe,d_ce94f32ecd
q_0347af23fe,d_d68f4ab7ea
q_034c2e8f47,d_721df03545
q_034c2e8f47,d_f8b2945e8d
q_034c2e8f47,d_f5d1f4d96b
q_034c2e8f47,d_8b90552773
q_034c2e8f47,d_d68f4ab7ea
q_03be441477,d_c43cad7282
q_03be441477,d_6c4d07449c
q_03be441477,d_4a9981e720
q_03be441477,d_b25f50310e
q_03be441477,d_61e313b506
q_03faf12b40,d_721df03545
q_03faf12b40,d_8b90552773
q_03faf12b40,d_f8b2945e8d
q_03faf12b40,d_f5d1f4d96b
q_03faf12b40,d_61e313b506
q_05edc68628,d_0e189b18aa
q_05edc68628,d_61e313b506
q_05edc68628,d_4a9981e720
q_05edc68628,d_de01daec14
q_05edc68628,d_8df79c0571
q_066ebd54a6,d_f8b2945e8d
q_066ebd54a6,d_c43cad7282
q_066ebd54a6,d_6c8b749b65
q_066ebd54a6,d_721df03545
q_066ebd54a6,d_f5d1f4d96b
q_06cbcfcde5,d_6c4d07449c
q_06cbcfcde5,d_61e313b506
q_06cbcfcde5,d_f5d1f4d96b
q_06cbcfcde5,d_f8b2945e8d
q_06cbcfcde5,d_c43cad7282
q_078fa1d1a0,d_6c8b749b65
q_078fa1d1a0,d_d68f4ab7ea
q_078fa1d1a0,d_647812641b
q_078fa1d1a0,d_de01daec14
q_078fa1d1a0,d_61e313b506
q_087fa5c68f,d_61e313b506
q_087fa5c68f,d_083198d02d
q_087fa5c68f,d_384357bef5
q_087fa5c68f,d_8df79c0571
q_087fa5c68f,d_7f3cc579a7
q_08d282ae8a,d_ce94f32ecd
q_08d282ae8a,d_f8b2945e8d
q_08d282ae8a,d_6c8b749b65
q_08d282ae8a,d_61e313b506
q_08d282ae8a,d_4a9981e720
q_0ae91fb16f,d_647812641b
q_0ae91fb16f,d_0e189b18aa
q_0ae91fb16f,d_f8b2945e8d
q_0ae91fb16f,d_7f3cc579a7
q_0ae91fb16f,d_8df79c0571
q_0b29ad1bb2,d_6c4d07449c
q_0b29ad1bb2,d_c43cad7282
q_0b29ad1bb2,d_4a9981e720
q_0b29ad1bb2,d_0e189b18aa
q_0b29ad1bb2,d_b25f50310e
q_0bf106d6fa,d_61e313b506
q_0bf106d6fa,d_0e189b18aa
q_0bf106d6fa,d_d68f4ab7ea
q_0bf106d6fa,d_6c4d07449c
q_0bf106d6fa,d_ce94f32ecd
q_0cb2bd3aae,d_6c8b749b65
q_0cb2bd3aae,d_721df03545
q_0cb2bd3aae,d_61e313b506
q_0cb2bd3aae,d_7f3cc579a7
q_0cb2bd3aae,d_083198d02d
q_0cee3fd79f,d_61e313b506
q_0cee3fd79f,d_6c8b749b65
q_0cee3fd79f,d_9697d8c629
q_0cee3fd79f,d_721df03545
q_0cee3fd79f,d_ce94f32ecd
q_0d182dc898,d_4a9981e720
q_0d182dc898,d_b25f50310e
q_0d182dc898,d_61e313b506
q_0d182dc898,d_c43cad7282
q_0d182dc898,d_6c4d07449c
q_0d5ce67953,d_61e313b506
q_0d5ce67953,d_f8b2945e8d
q_0d5ce67953,d_721df03545
q_0d5ce67953,d_083198d02d
q_0d5ce67953,d_7f3cc579a7
q_0d82c01428,d_8b90552773
q_0d82c01428,d_f8b2945e8d
q_0d82c01428,d_f5d1f4d96b
q_0d82c01428,d_721df03545
q_0d82c01428,d_ce94f32ecd
q_0dcf742359,d_d68f4ab7ea
q_0dcf742359,d_f8b2945e8d
q_0dcf742359,d_8df79c0571
q_0dcf742359,d_0e189b18aa
q_0dcf742359,d_384357bef5
q_0dde17b893,d_8b90552773
q_0dde17b893,d_f8b2945e8d
q_0dde17b893,d_f5d1f4d96b
q_0dde17b893,d_721df03545
q_0dde17b893,d_647812641b
q_0df30eede4,d_6c8b749b65
q_0df30eede4,d_61e313b506
q_0df30eede4,d_c43cad7282
q_0df30eede4,d_f8b2945e8d
q_0df30eede4,d_721df03545
q_0e76614022,d_6c4d07449c
q_0e76614022,d_6c8b749b65
q_0e76614022,d_083198d02d
q_0e76614022,d_7f3cc579a7
q_0e76614022,d_8df79c0571
q_0f12d27e0e,d_721df03545
q_0f12d27e0e,d_6c8b749b65
q_0f12d27e0e,d_f8b2945e8d
q_0f12d27e0e,d_6c4d07449c
q_0f12d27e0e,d_8b90552773
q_1076881f91,d_ce94f32ecd
q_1076881f91,d_f5d1f4d96b
q_1076881f91,d_9697d8c629
q_1076881f91,d_61e313b506
q_1076881f91,d_f8b2945e8d
q_10b66f5565,d_f8b2945e8d
q_10b66f5565,d_721df03545
q_10b66f5565,d_f5d1f4d96b
q_10b66f5565,d_8b90552773
q_10b66f5565,d_6c8b749b65
q_114e77e231,d_083198d02d
q_114e77e231,d_7f3cc579a7
q_114e77e231,d_8df79c0571
q_114e77e231,d_de01daec14
q_114e77e231,d_b25f50310e
q_11a1ad442c,d_6c8b749b65
q_11a1ad442c,d_7f3cc579a7
q_11a1ad442c,d_61e313b506
q_11a1ad442c,d_c43cad7282
q_11a1ad442c,d_083198d02d
q_11cec78e04,d_61e313b506
q_11cec78e04,d_0e189b18aa
q_11cec78e04,d_9697d8c629
q_11cec78e04,d_647812641b
q_11cec78e04,d_083198d02d
q_1247d7e4e6,d_083198d02d
q_1247d7e4e6,d_7f3cc579a7
q_1247d7e4e6,d_f5d1f4d96b
q_1247d7e4e6,d_d68f4ab7ea
q_1247d7e4e6,d_0e189b18aa
q_12de5a0e38,d_f8b2945e8d
q_12de5a0e38,d_f5d1f4d96b
q_12de5a0e38,d_ce94f32ecd
q_12de5a0e38,d_6c4d07449c
q_12de5a0e38,d_61e313b506
q_13bd635313,d_6c8b749b65
q_13bd635313,d_61e313b506
q_13bd635313,d_647812641b
q_13bd635313,d_de01daec14
q_13bd635313,d_d68f4ab7ea
q_15648dae59,d_f8b2945e8d
q_15648dae59,d_8b90552773
q_15648dae59,d_f5d1f4d96b
q_15648dae59,d_0e189b18aa
q_15648dae59,d_721df03545
q_160052b11e,d_0e189b18aa
q_160052b11e,d_6c4d07449c
q_160052b11e,d_61e313b506
q_160052b11e,d_de01daec14
q_160052b11e,d_7f3cc579a7
q_1714986a62,d_721df03545
q_1714986a62,d_f8b2945e8d
q_1714986a62,d_f5d1f4d96b
q_1714986a62,d_8b90552773
q_1714986a62,d_6c8b749b65
q_17190c5f7e,d_7f3cc579a7
q_17190c5f7e,d_8df79c0571
q_17190c5f7e,d_083198d02d
q_17190c5f7e,d_61e313b506
q_17190c5f7e,d_647812641b
q_173759a977,d_61e313b506
q_173759a977,d_6c8b749b65
q_173759a977,d_0e189b18aa
q_173759a977,d_de01daec14
q_173759a977,d_b25f50310e
q_17c1812428,d_6c4d07449c
q_17c1812428,d_647812641b
q_17c1812428,d_de01daec14
q_17c1812428,d_0e189b18aa
q_17c1812428,d_6c8b749b65
q_1816b6be07,d_61e313b506
q_1816b6be07,d_f8b2945e8d
q_1816b6be07,d_0e189b18aa
q_1816b6be07,d_d68f4ab7ea
q_1816b6be07,d_6c4d07449c
q_186d3671f0,d_6c4d07449c
q_186d3671f0,d_d68f4ab7ea
q_186d3671f0,d_0e189b18aa
q_186d3671f0,d_61e313b506
q_186d3671f0,d_c43cad7282
q_198c1095e2,d_0e189b18aa
q_198c1095e2,d_083198d02d
q_198c1095e2,d_d68f4ab7ea
q_198c1095e2,d_7f3cc579a7
q_198c1095e2,d_384357bef5
q_19cabbfbec,d_721df03545
q_19cabbfbec,d_f8b2945e8d
q_19cabbfbec,d_f5d1f4d96b
q_19cabbfbec,d_ce94f32ecd
q_19cabbfbec,d_61e313b506
q_1a2c09b86b,d_c43cad7282
q_1a2c09b86b,d_6c8b749b65
q_1a2c09b86b,d_b25f50310e
q_1a2c09b86b,d_61e313b506
q_1a2c09b86b,d_4a9981e720
q_1a6c7077cb,d_6c8b749b65
q_1a6c7077cb,d_647812641b
q_1a6c7077cb,d_61e313b506
q_1a6c7077cb,d_d68f4ab7ea
q_1a6c7077cb,d_de01daec14
q_1a760b40d2,d_6c4d07449c
q_1a760b40d2,d_4a9981e720
q_1a760b40d2,d_c43cad7282
q_1a760b40d2,d_b25f50310e
q_1a760b40d2,d_384357bef5
q_1b6772abdc,d_721df03545
q_1b6772abdc,d_f8b2945e8d
q_1b6772abdc,d_8b90552773
q_1b6772abdc,d_61e313b506
q_1b6772abdc,d_f5d1f4d96b
q_1c15b70ec7,d_083198d02d
q_1c15b70ec7,d_384357bef5
q_1c15b70ec7,d_8df79c0571
q_1c15b70ec7,d_b25f50310e
q_1c15b70ec7,d_6c4d07449c
q_1c3d2bac8c,d_6c8b749b65
q_1c3d2bac8c,d_ce94f32ecd
q_1c3d2bac8c,d_f8b2945e8d
q_1c3d2bac8c,d_9697d8c629
q_1c3d2bac8c,d_647812641b
q_1c5ddf3895,d_61e313b506
q_1c5ddf3895,d_ce94f32ecd
q_1c5ddf3895,d_9697d8c629
q_1c5ddf3895,d_b25f50310e
q_1c5ddf3895,d_c43cad7282
q_1ee7b9a876,d_61e313b506
q_1ee7b9a876,d_6c8b749b65
q_1ee7b9a876,d_c43cad7282
q_1ee7b9a876,d_de01daec14
q_1ee7b9a876,d_7f3cc579a7
q_209985e8e1,d_f8b2945e8d
q_209985e8e1,d_f5d1f4d96b
q_209985e8e1,d_721df03545
q_209985e8e1,d_8b90552773
q_209985e8e1,d_61e313b506
q_20ee51e9ac,d_c43cad7282
q_20ee51e9ac,d_6c4d07449c
q_20ee51e9ac,d_61e313b506
q_20ee51e9ac,d_6c8b749b65
q_20ee51e9ac,d_647812641b
q_22e564a26d,d_61e313b506
q_22e564a26d,d_c43cad7282
q_22e564a26d,d_6c8b749b65
q_22e564a26d,d_6c4d07449c
q_22e564a26d,d_f8b2945e8d
q_236a4cda67,d_0e189b18aa
q_236a4cda67,d_b25f50310e
q_236a4cda67,d_c43cad7282
q_236a4cda67,d_384357bef5
q_236a4cda67,d_647812641b
q_23ad0d9fc8,d_f5d1f4d96b
q_23ad0d9fc8,d_f8b2945e8d
q_23ad0d9fc8,d_ce94f32ecd
q_23ad0d9fc8,d_083198d02d
q_23ad0d9fc8,d_61e313b506
q_24adb29200,d_6c4d07449c
q_24adb29200,d_647812641b
q_24adb29200,d_9697d8c629
q_24adb29200,d_8df79c0571
q_24adb29200,d_4a9981e720
q_2506cd385e,d_61e313b506
q_2506cd385e,d_0e189b18aa
q_2506cd385e,d_6c4d07449c
q_2506cd385e,d_b25f50310e
q_2506cd385e,d_6c8b749b65
q_251740d870,d_6c8b749b65
q_251740d870,d_d68f4ab7ea
q_251740d870,d_c43cad7282
q_251740d870,d_647812641b
q_251740d870,d_de01daec14
q_25b8a7a444,d_4a9981e720
q_25b8a7a444,d_b25f50310e
q_25b8a7a444,d_c43cad7282
q_25b8a7a444,d_6c4d07449c
q_25b8a7a444,d_61e313b506
q_25fd73f4ec,d_b25f50310e
q_25fd73f4ec,d_7f3cc579a7
q_25fd73f4ec,d_4a9981e720
q_25fd73f4ec,d_083198d02d
q_25fd73f4ec,d_8df79c0571
q_262118b063,d_f8b2945e8d
q_262118b063,d_b25f50310e
q_262118b063,d_c43cad7282
q_262118b063,d_f5d1f4d96b
q_262118b063,d_721df03545
q_269749e941,d_721df03545
q_269749e941,d_ce94f32ecd
q_269749e941,d_61e313b506
q_269749e941,d_9697d8c629
q_269749e941,d_f5d1f4d96b
q_2800ddd9fe,d_083198d02d
q_2800ddd9fe,d_8df79c0571
q_2800ddd9fe,d_d68f4ab7ea
q_2800ddd9fe,d_c43cad7282
q_2800ddd9fe,d_384357bef5
q_292a6cfd59,d_f8b2945e8d
q_292a6cfd59,d_9697d8c629
q_292a6cfd59,d_d68f4ab7ea
q_292a6cfd59,d_4a9981e720
q_292a6cfd59,d_8df79c0571
q_2930c90f77,d_f5d1f4d96b
q_2930c90f77,d_721df03545
q_2930c90f77,d_f8b2945e8d
q_2930c90f77,d_9697d8c629
q_2930c90f77,d_8b90552773
q_2986de26fe,d_c43cad7282
q_2986de26fe,d_4a9981e720
q_2986de26fe,d_6c4d07449c
q_2986de26fe,d_0e189b18aa
q_2986de26fe,d_61e313b506
q_29e278a340,d_61e313b506
q_29e278a340,d_6c4d07449c
q_29e278a340,d_f8b2945e8d
q_29e278a340,d_721df03545
q_29e278a340,d_de01daec14
q_29fb5c7188,d_c43cad7282
q_29fb5c7188,d_ce94f32ecd
q_29fb5c7188,d_61e313b506
q_29fb5c7188,d_0e189b18aa
q_29fb5c7188,d_6c8b749b65
q_2bbc27c84b,d_61e313b506
q_2bbc27c84b,d_c43cad7282
q_2bbc27c84b,d_0e189b18aa
q_2bbc27c84b,d_de01daec14
q_2bbc27c84b,d_647812641b
q_2e635ab8da,d_ce94f32ecd
q_2e635ab8da,d_083198d02d
q_2e635ab8da,d_7f3cc579a7
q_2e635ab8da,d_0e189b18aa
q_2e635ab8da,d_61e313b506
q_2e6f881b66,d_721df03545
q_2e6f881b66,d_f8b2945e8d
q_2e6f881b66,d_f5d1f4d96b
q_2e6f881b66,d_4a9981e720
q_2e6f881b66,d_0e189b18aa
q_2e74c773a0,d_f8b2945e8d
q_2e74c773a0,d_721df03545
q_2e74c773a0,d_8b90552773
q_2e74c773a0,d_f5d1f4d96b
q_2e74c773a0,d_b25f50310e
q_2ee1b0df1c,d_f8b2945e8d
q_2ee1b0df1c,d_721df03545
q_2ee1b0df1c,d_8b90552773
q_2ee1b0df1c,d_f5d1f4d96b
q_2ee1b0df1c,d_c43cad7282
q_300cf43c72,d_c43cad7282
q_300cf43c72,d_b25f50310e
q_300cf43c72,d_6c4d07449c
q_300cf43c72,d_d68f4ab7ea
q_300cf43c72,d_0e189b18aa
q_302f62e0e1,d_61e313b506
q_302f62e0e1,d_6c4d07449c
q_302f62e0e1,d_c43cad7282
q_302f62e0e1,d_6c8b749b65
q_302f62e0e1,d_647812641b
q_311c05d8ee,d_ce94f32ecd
q_311c05d8ee,d_f5d1f4d96b
q_311c05d8ee,d_61e313b506
q_311c05d8ee,d_9697d8c629
q_311c05d8ee,d_c43cad7282
q_314222c925,d_6c8b749b65
q_314222c925,d_d68f4ab7ea
q_314222c925,d_647812641b
q_314222c925,d_de01daec14
q_314222c925,d_8df79c0571
q_31aac1cbee,d_b25f50310e
q_31aac1cbee,d_6c8b749b65
q_31aac1cbee,d_0e189b18aa
q_31aac1cbee,d_4a9981e720
q_31aac1cbee,d_6c4d07449c
q_3273b27903,d_61e313b506
q_3273b27903,d_384357bef5
q_3273b27903,d_b25f50310e
q_3273b27903,d_de01daec14
q_3273b27903,d_0e189b18aa
q_33ef441f19,d_c43cad7282
q_33ef441f19,d_6c4d07449c
q_33ef441f19,d_4a9981e720
q_33ef441f19,d_b25f50310e
q_33ef441f19,d_7f3cc579a7
q_34740c1779,d_61e313b506
q_34740c1779,d_384357bef5
q_34740c1779,d_6c8b749b65
q_34740c1779,d_083198d02d
q_34740c1779,d_de01daec14
q_3565c64453,d_61e313b506
q_3565c64453,d_0e189b18aa
q_3565c64453,d_b25f50310e
q_3565c64453,d_4a9981e720
q_3565c64453,d_c43cad7282
q_365507011a,d_c43cad7282
q_365507011a,d_f5d1f4d96b
q_365507011a,d_7f3cc579a7
q_365507011a,d_083198d02d
q_365507011a,d_61e313b506
q_3719bfd16f,d_c43cad7282
q_3719bfd16f,d_6c8b749b65
q_3719bfd16f,d_61e313b506
q_3719bfd16f,d_0e189b18aa
q_3719bfd16f,d_083198d02d
q_39e62e770c,d_61e313b506
q_39e62e770c,d_de01daec14
q_39e62e770c,d_0e189b18aa
q_39e62e770c,d_384357bef5
q_39e62e770c,d_083198d02d
q_39e6fe2b6b,d_f8b2945e8d
q_39e6fe2b6b,d_721df03545
q_39e6fe2b6b,d_8b90552773
q_39e6fe2b6b,d_f5d1f4d96b
q_39e6fe2b6b,d_61e313b506
q_39f8ebaa7c,d_ce94f32ecd
q_39f8ebaa7c,d_f5d1f4d96b
q_39f8ebaa7c,d_61e313b506
q_39f8ebaa7c,d_9697d8c629
q_39f8ebaa7c,d_f8b2945e8d
q_3a7f950d91,d_f8b2945e8d
q_3a7f950d91,d_f5d1f4d96b
q_3a7f950d91,d_721df03545
q_3a7f950d91,d_8b90552773
q_3a7f950d91,d_0e189b18aa
q_3a8c24dde2,d_721df03545
q_3a8c24dde2,d_f8b2945e8d
q_3a8c24dde2,d_8b90552773
q_3a8c24dde2,d_f5d1f4d96b
q_3a8c24dde2,d_6c8b749b65
q_3c1b171aaf,d_6c4d07449c
q_3c1b171aaf,d_4a9981e720
q_3c1b171aaf,d_b25f50310e
q_3c1b171aaf,d_c43cad7282
q_3c1b171aaf,d_61e313b506
q_3ca3a327a1,d_6c4d07449c
q_3ca3a327a1,d_4a9981e720
q_3ca3a327a1,d_b25f50310e
q_3ca3a327a1,d_6c8b749b65
q_3ca3a327a1,d_c43cad7282
q_3cbf12b258,d_d68f4ab7ea
q_3cbf12b258,d_6c8b749b65
q_3cbf12b258,d_6c4d07449c
q_3cbf12b258,d_0e189b18aa
q_3cbf12b258,d_61e313b506
q_3dbbecaa18,d_61e313b506
q_3dbbecaa18,d_0e189b18aa
q_3dbbecaa18,d_d68f4ab7ea
q_3dbbecaa18,d_6c8b749b65
q_3dbbecaa18,d_7f3cc579a7
q_3e680f9829,d_6c8b749b65
q_3e680f9829,d_647812641b
q_3e680f9829,d_d68f4ab7ea
q_3e680f9829,d_61e313b506
q_3e680f9829,d_c43cad7282
q_400ea36015,d_9697d8c629
q_400ea36015,d_ce94f32ecd
q_400ea36015,d_f5d1f4d96b
q_400ea36015,d_61e313b506
q_400ea36015,d_c43cad7282
q_403f54a7ca,d_de01daec14
q_403f54a7ca,d_61e313b506
q_403f54a7ca,d_647812641b
q_403f54a7ca,d_d68f4ab7ea
q_403f54a7ca,d_6c8b749b65
q_4044c42021,d_61e313b506
q_4044c42021,d_6c8b749b65
q_4044c42021,d_6c4d07449c
q_4044c42021,d_0e189b18aa
q_4044c42021,d_c43cad7282
q_40ea68b6ed,d_6c8b749b65
q_40ea68b6ed,d_083198d02d
q_40ea68b6ed,d_384357bef5
q_40ea68b6ed,d_8df79c0571
q_40ea68b6ed,d_61e313b506
q_41cebe5bde,d_6c8b749b65
q_41cebe5bde,d_d68f4ab7ea
q_41cebe5bde,d_61e313b506
q_41cebe5bde,d_de01daec14
q_41cebe5bde,d_647812641b
q_428df6ea3d,d_61e313b506
q_428df6ea3d,d_6c4d07449c
q_428df6ea3d,d_0e189b18aa
q_428df6ea3d,d_d68f4ab7ea
q_428df6ea3d,d_ce94f32ecd
q_43570439a0,d_61e313b506
q_43570439a0,d_0e189b18aa
q_43570439a0,d_d68f4ab7ea
q_43570439a0,d_4a9981e720
q_43570439a0,d_de01daec14
q_45509ce6a1,d_6c8b749b65
q_45509ce6a1,d_d68f4ab7ea
q_45509ce6a1,d_721df03545
q_45509ce6a1,d_de01daec14
q_45509ce6a1,d_647812641b
q_45b6f36f87,d_6c8b749b65
q_45b6f36f87,d_647812641b
q_45b6f36f87,d_d68f4ab7ea
q_45b6f36f87,d_de01daec14
q_45b6f36f87,d_384357bef5
q_463426eeb0,d_721df03545
q_463426eeb0,d_ce94f32ecd
q_463426eeb0,d_7f3cc579a7
q_463426eeb0,d_384357bef5
q_463426eeb0,d_f8b2945e8d
q_4665ccaf63,d_61e313b506
q_4665ccaf63,d_0e189b18aa
q_4665ccaf63,d_c43cad7282
q_4665ccaf63,d_083198d02d
q_4665ccaf63,d_de01daec14
q_46fc2a1fbf,d_61e313b506
q_46fc2a1fbf,d_c43cad7282
q_46fc2a1fbf,d_6c4d07449c
q_46fc2a1fbf,d_6c8b749b65
q_46fc2a1fbf,d_647812641b
q_470d839b96,d_f8b2945e8d
q_470d839b96,d_f5d1f4d96b
q_470d839b96,d_8b90552773
q_470d839b96,d_c43cad7282
q_470d839b96,d_0e189b18aa
q_47120080c9,d_f8b2945e8d
q_47120080c9,d_d68f4ab7ea
q_47120080c9,d_647812641b
q_47120080c9,d_b25f50310e
q_47120080c9,d_083198d02d
q_47336eef18,d_083198d02d
q_47336eef18,d_6c8b749b65
q_47336eef18,d_7f3cc579a7
q_47336eef18,d_c43cad7282
q_47336eef18,d_384357bef5
q_48aa62669d,d_de01daec14
q_48aa62669d,d_6c8b749b65
q_48aa62669d,d_f8b2945e8d
q_48aa62669d,d_8b90552773
q_48aa62669d,d_f5d1f4d96b
q_492bba1a83,d_61e313b506
q_492bba1a83,d_647812641b
q_492bba1a83,d_6c8b749b65
q_492bba1a83,d_6c4d07449c
q_492bba1a83,d_4a9981e720
q_49e43de410,d_c43cad7282
q_49e43de410,d_4a9981e720
q_49e43de410,d_0e189b18aa
q_49e43de410,d_61e313b506
q_49e43de410,d_6c4d07449c
q_4a0a988c55,d_721df03545
q_4a0a988c55,d_8b90552773
q_4a0a988c55,d_d68f4ab7ea
q_4a0a988c55,d_0e189b18aa
q_4a0a988c55,d_6c8b749b65
q_4ab777f507,d_0e189b18aa
q_4ab777f507,d_c43cad7282
q_4ab777f507,d_61e313b506
q_4ab777f507,d_b25f50310e
q_4ab777f507,d_d68f4ab7ea
q_4cba0b1561,d_6c8b749b65
q_4cba0b1561,d_61e313b506
q_4cba0b1561,d_d68f4ab7ea
q_4cba0b1561,d_647812641b
q_4cba0b1561,d_384357bef5
q_4d37fd5723,d_c43cad7282
q_4d37fd5723,d_6c4d07449c
q_4d37fd5723,d_d68f4ab7ea
q_4d37fd5723,d_0e189b18aa
q_4d37fd5723,d_b25f50310e
q_4d4830826e,d_f8b2945e8d
q_4d4830826e,d_f5d1f4d96b
q_4d4830826e,d_721df03545
q_4d4830826e,d_8b90552773
q_4d4830826e,d_61e313b506
q_4d73fca660,d_f5d1f4d96b
q_4d73fca660,d_f8b2945e8d
q_4d73fca660,d_721df03545
q_4d73fca660,d_8b90552773
q_4d73fca660,d_d68f4ab7ea
q_4e90ebf502,d_f8b2945e8d
q_4e90ebf502,d_61e313b506
q_4e90ebf502,d_6c8b749b65
q_4e90ebf502,d_f5d1f4d96b
q_4e90ebf502,d_647812641b
q_4ed581103d,d_0e189b18aa
q_4ed581103d,d_384357bef5
q_4ed581103d,d_083198d02d
q_4ed581103d,d_8df79c0571
q_4ed581103d,d_f8b2945e8d
q_4f4067a9a3,d_61e313b506
q_4f4067a9a3,d_c43cad7282
q_4f4067a9a3,d_6c8b749b65
q_4f4067a9a3,d_647812641b
q_4f4067a9a3,d_6c4d07449c
q_5024102ee0,d_b25f50310e
q_5024102ee0,d_61e313b506
q_5024102ee0,d_4a9981e720
q_5024102ee0,d_6c8b749b65
q_5024102ee0,d_6c4d07449c
q_504a172e9f,d_6c8b749b65
q_504a172e9f,d_f8b2945e8d
q_504a172e9f,d_647812641b
q_504a172e9f,d_d68f4ab7ea
q_504a172e9f,d_61e313b506
q_5172abce3b,d_721df03545
q_5172abce3b,d_ce94f32ecd
q_5172abce3b,d_6c8b749b65
q_5172abce3b,d_61e313b506
q_5172abce3b,d_f8b2945e8d
q_51cd6a6fa3,d_f5d1f4d96b
q_51cd6a6fa3,d_f8b2945e8d
q_51cd6a6fa3,d_c43cad7282
q_51cd6a6fa3,d_8b90552773
q_51cd6a6fa3,d_721df03545
q_53923fd5a6,d_ce94f32ecd
q_53923fd5a6,d_f5d1f4d96b
q_53923fd5a6,d_9697d8c629
q_53923fd5a6,d_61e313b506
q_53923fd5a6,d_f8b2945e8d
q_541a1a4d97,d_ce94f32ecd
q_541a1a4d97,d_c43cad7282
q_541a1a4d97,d_6c4d07449c
q_541a1a4d97,d_384357bef5
q_541a1a4d97,d_6c8b749b65
q_549542ec55,d_6c8b749b65
q_549542ec55,d_647812641b
q_549542ec55,d_f8b2945e8d
q_549542ec55,d_d68f4ab7ea
q_549542ec55,d_8df79c0571
q_55e544a16a,d_f5d1f4d96b
q_55e544a16a,d_f8b2945e8d
q_55e544a16a,d_721df03545
q_55e544a16a,d_c43cad7282
q_55e544a16a,d_61e313b506
q_55edb62ec7,d_6c8b749b65
q_55edb62ec7,d_f8b2945e8d
q_55edb62ec7,d_61e313b506
q_55edb62ec7,d_0e189b18aa
q_55edb62ec7,d_c43cad7282
q_55f7725a2c,d_6c8b749b65
q_55f7725a2c,d_647812641b
q_55f7725a2c,d_d68f4ab7ea
q_55f7725a2c,d_de01daec14
q_55f7725a2c,d_8df79c0571
q_564b07f4fe,d_6c8b749b65
q_564b07f4fe,d_de01daec14
q_564b07f4fe,d_0e189b18aa
q_564b07f4fe,d_6c4d07449c
q_564b07f4fe,d_083198d02d
q_586f5f11e8,d_c43cad7282
q_586f5f11e8,d_0e189b18aa
q_586f5f11e8,d_4a9981e720
q_586f5f11e8,d_6c4d07449c
q_586f5f11e8,d_de01daec14
q_589ca38a8f,d_f5d1f4d96b
q_589ca38a8f,d_ce94f32ecd
q_589ca38a8f,d_9697d8c629
q_589ca38a8f,d_f8b2945e8d
q_589ca38a8f,d_61e313b506
q_591ed8b2ab,d_6c8b749b65
q_591ed8b2ab,d_0e189b18aa
q_591ed8b2ab,d_6c4d07449c
q_591ed8b2ab,d_083198d02d
q_591ed8b2ab,d_7f3cc579a7
q_5b7d3d1876,d_c43cad7282
q_5b7d3d1876,d_6c8b749b65
q_5b7d3d1876,d_61e313b506
q_5b7d3d1876,d_384357bef5
q_5b7d3d1876,d_ce94f32ecd
q_5e290d3845,d_61e313b506
q_5e290d3845,d_721df03545
q_5e290d3845,d_6c8b749b65
q_5e290d3845,d_6c4d07449c
q_5e290d3845,d_0e189b18aa
q_607cd54c2a,d_f8b2945e8d
q_607cd54c2a,d_721df03545
q_607cd54c2a,d_61e313b506
q_607cd54c2a,d_4a9981e720
q_607cd54c2a,d_d68f4ab7ea
q_619c4c5097,d_c43cad7282
q_619c4c5097,d_6c4d07449c
q_619c4c5097,d_61e313b506
q_619c4c5097,d_4a9981e720
q_619c4c5097,d_b25f50310e
q_61d7d3efa5,d_61e313b506
q_61d7d3efa5,d_c43cad7282
q_61d7d3efa5,d_b25f50310e
q_61d7d3efa5,d_384357bef5
q_61d7d3efa5,d_0e189b18aa
q_63679e1689,d_61e313b506
q_63679e1689,d_6c8b749b65
q_63679e1689,d_c43cad7282
q_63679e1689,d_de01daec14
q_63679e1689,d_7f3cc579a7
q_63be7dd95b,d_0e189b18aa
q_63be7dd95b,d_083198d02d
q_63be7dd95b,d_384357bef5
q_63be7dd95b,d_f8b2945e8d
q_63be7dd95b,d_8df79c0571
q_659bc5f22d,d_d68f4ab7ea
q_659bc5f22d,d_083198d02d
q_659bc5f22d,d_7f3cc579a7
q_659bc5f22d,d_61e313b506
q_659bc5f22d,d_f5d1f4d96b
q_660c4d7394,d_c43cad7282
q_660c4d7394,d_647812641b
q_660c4d7394,d_61e313b506
q_660c4d7394,d_6c4d07449c
q_660c4d7394,d_4a9981e720
q_6653c053c2,d_0e189b18aa
q_6653c053c2,d_6c8b749b65
q_6653c053c2,d_083198d02d
q_6653c053c2,d_7f3cc579a7
q_6653c053c2,d_8df79c0571
q_688d5dd4eb,d_c43cad7282
q_688d5dd4eb,d_4a9981e720
q_688d5dd4eb,d_b25f50310e
q_688d5dd4eb,d_6c4d07449c
q_688d5dd4eb,d_6c8b749b65
q_68c397b25c,d_6c8b749b65
q_68c397b25c,d_61e313b506
q_68c397b25c,d_d68f4ab7ea
q_68c397b25c,d_083198d02d
q_68c397b25c,d_0e189b18aa
q_68f51eb9f2,d_6c8b749b65
q_68f51eb9f2,d_61e313b506
q_68f51eb9f2,d_d68f4ab7ea
q_68f51eb9f2,d_0e189b18aa
q_68f51eb9f2,d_647812641b
q_6a4cd25395,d_ce94f32ecd
q_6a4cd25395,d_6c4d07449c
q_6a4cd25395,d_384357bef5
q_6a4cd25395,d_083198d02d
q_6a4cd25395,d_0e189b18aa
q_6a5ab7b092,d_0e189b18aa
q_6a5ab7b092,d_6c4d07449c
q_6a5ab7b092,d_de01daec14
q_6a5ab7b092,d_6c8b749b65
q_6a5ab7b092,d_721df03545
q_6aa8df1688,d_61e313b506
q_6aa8df1688,d_c43cad7282
q_6aa8df1688,d_6c8b749b65
q_6aa8df1688,d_0e189b18aa
q_6aa8df1688,d_b25f50310e
q_6b592e1721,d_61e313b506
q_6b592e1721,d_721df03545
q_6b592e1721,d_f5d1f4d96b
q_6b592e1721,d_de01daec14
q_6b592e1721,d_647812641b
q_6b643f044c,d_6c8b749b65
q_6b643f044c,d_d68f4ab7ea
q_6b643f044c,d_de01daec14
q_6b643f044c,d_647812641b
q_6b643f044c,d_61e313b506
q_6c620cdfcc,d_b25f50310e
q_6c620cdfcc,d_4a9981e720
q_6c620cdfcc,d_083198d02d
q_6c620cdfcc,d_7f3cc579a7
q_6c620cdfcc,d_8df79c0571
q_6c6aba45fc,d_6c8b749b65
q_6c6aba45fc,d_0e189b18aa
q_6c6aba45fc,d_de01daec14
q_6c6aba45fc,d_61e313b506
q_6c6aba45fc,d_d68f4ab7ea
q_6d2bbeaddc,d_6c8b749b65
q_6d2bbeaddc,d_61e313b506
q_6d2bbeaddc,d_d68f4ab7ea
q_6d2bbeaddc,d_647812641b
q_6d2bbeaddc,d_6c4d07449c
q_6fe4d51b84,d_f8b2945e8d
q_6fe4d51b84,d_61e313b506
q_6fe4d51b84,d_f5d1f4d96b
q_6fe4d51b84,d_ce94f32ecd
q_6fe4d51b84,d_721df03545
q_6ff730efd6,d_6c8b749b65
q_6ff730efd6,d_61e313b506
q_6ff730efd6,d_f8b2945e8d
q_6ff730efd6,d_721df03545
q_6ff730efd6,d_d68f4ab7ea
q_7106deef4d,d_61e313b506
q_7106deef4d,d_6c4d07449c
q_7106deef4d,d_d68f4ab7ea
q_7106deef4d,d_f8b2945e8d
q_7106deef4d,d_0e189b18aa
q_741405dd38,d_c43cad7282
q_741405dd38,d_ce94f32ecd
q_741405dd38,d_4a9981e720
q_741405dd38,d_7f3cc579a7
q_741405dd38,d_083198d02d
q_7465db3161,d_721df03545
q_7465db3161,d_f8b2945e8d
q_7465db3161,d_8b90552773
q_7465db3161,d_c43cad7282
q_7465db3161,d_f5d1f4d96b
q_74b8864b3f,d_083198d02d
q_74b8864b3f,d_7f3cc579a7
q_74b8864b3f,d_8df79c0571
q_74b8864b3f,d_384357bef5
q_74b8864b3f,d_6c8b749b65
q_74ccd49bbd,d_6c4d07449c
q_74ccd49bbd,d_0e189b18aa
q_74ccd49bbd,d_647812641b
q_74ccd49bbd,d_ce94f32ecd
q_74ccd49bbd,d_6c8b749b65
q_75309964a5,d_6c8b749b65
q_75309964a5,d_61e313b506
q_75309964a5,d_d68f4ab7ea
q_75309964a5,d_647812641b
q_75309964a5,d_de01daec14
q_75436abe28,d_6c4d07449c
q_75436abe28,d_6c8b749b65
q_75436abe28,d_d68f4ab7ea
q_75436abe28,d_61e313b506
q_75436abe28,d_0e189b18aa
q_76151db2ff,d_6c4d07449c
q_76151db2ff,d_61e313b506
q_76151db2ff,d_6c8b749b65
q_76151db2ff,d_0e189b18aa
q_76151db2ff,d_c43cad7282
q_7628f58483,d_61e313b506
q_7628f58483,d_b25f50310e
q_7628f58483,d_7f3cc579a7
q_7628f58483,d_384357bef5
q_7628f58483,d_0e189b18aa
q_763f0aa646,d_083198d02d
q_763f0aa646,d_7f3cc579a7
q_763f0aa646,d_d68f4ab7ea
q_763f0aa646,d_f5d1f4d96b
q_763f0aa646,d_61e313b506
q_77aedbf292,d_f8b2945e8d
q_77aedbf292,d_721df03545
q_77aedbf292,d_6c8b749b65
q_77aedbf292,d_61e313b506
q_77aedbf292,d_8b90552773
q_7880881c42,d_7f3cc579a7
q_7880881c42,d_8df79c0571
q_7880881c42,d_083198d02d
q_7880881c42,d_721df03545
q_7880881c42,d_d68f4ab7ea
q_7af589752e,d_083198d02d
q_7af589752e,d_de01daec14
q_7af589752e,d_6c8b749b65
q_7af589752e,d_7f3cc579a7
q_7af589752e,d_8df79c0571
q_7b1f1cfcc4,d_6c4d07449c
q_7b1f1cfcc4,d_61e313b506
q_7b1f1cfcc4,d_d68f4ab7ea
q_7b1f1cfcc4,d_6c8b749b65
q_7b1f1cfcc4,d_647812641b
q_7e7d65485f,d_f8b2945e8d
q_7e7d65485f,d_f5d1f4d96b
q_7e7d65485f,d_d68f4ab7ea
q_7e7d65485f,d_9697d8c629
q_7e7d65485f,d_8b90552773
q_7eb1889589,d_f8b2945e8d
q_7eb1889589,d_6c8b749b65
q_7eb1889589,d_c43cad7282
q_7eb1889589,d_083198d02d
q_7eb1889589,d_6c4d07449c
q_80a3c28021,d_61e313b506
q_80a3c28021,d_7f3cc579a7
q_80a3c28021,d_083198d02d
q_80a3c28021,d_384357bef5
q_80a3c28021,d_8df79c0571
q_81d075019a,d_0e189b18aa
q_81d075019a,d_384357bef5
q_81d075019a,d_de01daec14
q_81d075019a,d_8df79c0571
q_81d075019a,d_61e313b506
q_8221693125,d_6c8b749b65
q_8221693125,d_647812641b
q_8221693125,d_d68f4ab7ea
q_8221693125,d_61e313b506
q_8221693125,d_de01daec14
q_8319da06a6,d_61e313b506
q_8319da06a6,d_0e189b18aa
q_8319da06a6,d_083198d02d
q_8319da06a6,d_7f3cc579a7
q_8319da06a6,d_de01daec14
q_837f3eae01,d_61e313b506
q_837f3eae01,d_083198d02d
q_837f3eae01,d_f8b2945e8d
q_837f3eae01,d_7f3cc579a7
q_837f3eae01,d_0e189b18aa
q_85347119e4,d_6c8b749b65
q_85347119e4,d_f5d1f4d96b
q_85347119e4,d_647812641b
q_85347119e4,d_8b90552773
q_85347119e4,d_721df03545
q_85a26aff00,d_c43cad7282
q_85a26aff00,d_721df03545
q_85a26aff00,d_6c8b749b65
q_85a26aff00,d_de01daec14
q_85a26aff00,d_0e189b18aa
q_86101381be,d_de01daec14
q_86101381be,d_083198d02d
q_86101381be,d_6c8b749b65
q_86101381be,d_d68f4ab7ea
q_86101381be,d_384357bef5
q_8659d7a734,d_6c8b749b65
q_8659d7a734,d_6c4d07449c
q_8659d7a734,d_0e189b18aa
q_8659d7a734,d_9697d8c629
q_8659d7a734,d_d68f4ab7ea
q_87226f703a,d_721df03545
q_87226f703a,d_f8b2945e8d
q_87226f703a,d_61e313b506
q_87226f703a,d_f5d1f4d96b
q_87226f703a,d_8b90552773
q_8723c1494b,d_61e313b506
q_8723c1494b,d_0e189b18aa
q_8723c1494b,d_6c8b749b65
q_8723c1494b,d_ce94f32ecd
q_8723c1494b,d_c43cad7282
q_87ef90f271,d_f8b2945e8d
q_87ef90f271,d_f5d1f4d96b
q_87ef90f271,d_8b90552773
q_87ef90f271,d_721df03545
q_87ef90f271,d_647812641b
q_8892c3829e,d_721df03545
q_8892c3829e,d_f8b2945e8d
q_8892c3829e,d_8b90552773
q_8892c3829e,d_de01daec14
q_8892c3829e,d_f5d1f4d96b
q_89244eeff0,d_c43cad7282
q_89244eeff0,d_6c4d07449c
q_89244eeff0,d_4a9981e720
q_89244eeff0,d_61e313b506
q_89244eeff0,d_b25f50310e
q_897a22c66f,d_6c8b749b65
q_897a22c66f,d_c43cad7282
q_897a22c66f,d_721df03545
q_897a22c66f,d_61e313b506
q_897a22c66f,d_384357bef5
q_8a9ceefa7d,d_f8b2945e8d
q_8a9ceefa7d,d_6c8b749b65
q_8a9ceefa7d,d_0e189b18aa
q_8a9ceefa7d,d_721df03545
q_8a9ceefa7d,d_ce94f32ecd
q_8b14732d6c,d_6c8b749b65
q_8b14732d6c,d_0e189b18aa
q_8b14732d6c,d_d68f4ab7ea
q_8b14732d6c,d_647812641b
q_8b14732d6c,d_6c4d07449c
q_8b70a577bb,d_f5d1f4d96b
q_8b70a577bb,d_f8b2945e8d
q_8b70a577bb,d_6c8b749b65
q_8b70a577bb,d_721df03545
q_8b70a577bb,d_ce94f32ecd
q_8c4d40c63b,d_c43cad7282
q_8c4d40c63b,d_61e313b506
q_8c4d40c63b,d_0e189b18aa
q_8c4d40c63b,d_de01daec14
q_8c4d40c63b,d_083198d02d
q_8c814d99b0,d_0e189b18aa
q_8c814d99b0,d_083198d02d
q_8c814d99b0,d_384357bef5
q_8c814d99b0,d_7f3cc579a7
q_8c814d99b0,d_8df79c0571
q_8c90eb7f9b,d_de01daec14
q_8c90eb7f9b,d_0e189b18aa
q_8c90eb7f9b,d_083198d02d
q_8c90eb7f9b,d_384357bef5
q_8c90eb7f9b,d_7f3cc579a7
q_8d4d8a4155,d_7f3cc579a7
q_8d4d8a4155,d_c43cad7282
q_8d4d8a4155,d_083198d02d
q_8d4d8a4155,d_8df79c0571
q_8d4d8a4155,d_6c4d07449c
q_8dbfed14b3,d_6c8b749b65
q_8dbfed14b3,d_61e313b506
q_8dbfed14b3,d_647812641b
q_8dbfed14b3,d_d68f4ab7ea
q_8dbfed14b3,d_f8b2945e8d
q_8e310f56cd,d_6c8b749b65
q_8e310f56cd,d_61e313b506
q_8e310f56cd,d_d68f4ab7ea
q_8e310f56cd,d_647812641b
q_8e310f56cd,d_4a9981e720
q_8ef19770eb,d_6c8b749b65
q_8ef19770eb,d_647812641b
q_8ef19770eb,d_d68f4ab7ea
q_8ef19770eb,d_de01daec14
q_8ef19770eb,d_61e313b506
q_8f039df1fd,d_f8b2945e8d
q_8f039df1fd,d_721df03545
q_8f039df1fd,d_f5d1f4d96b
q_8f039df1fd,d_c43cad7282
q_8f039df1fd,d_6c8b749b65
q_8fa3eec1ac,d_f8b2945e8d
q_8fa3eec1ac,d_6c8b749b65
q_8fa3eec1ac,d_721df03545
q_8fa3eec1ac,d_f5d1f4d96b
q_8fa3eec1ac,d_647812641b
q_91122fd81e,d_61e313b506
q_91122fd81e,d_f8b2945e8d
q_91122fd81e,d_de01daec14
q_91122fd81e,d_8b90552773
q_91122fd81e,d_721df03545
q_916205338d,d_6c4d07449c
q_916205338d,d_c43cad7282
q_916205338d,d_4a9981e720
q_916205338d,d_b25f50310e
q_916205338d,d_d68f4ab7ea
q_920a36fe22,d_721df03545
q_920a36fe22,d_61e313b506
q_920a36fe22,d_f8b2945e8d
q_920a36fe22,d_c43cad7282
q_920a36fe22,d_6c8b749b65
q_924d750161,d_6c8b749b65
q_924d750161,d_6c4d07449c
q_924d750161,d_d68f4ab7ea
q_924d750161,d_647812641b
q_924d750161,d_61e313b506
q_92940ed0ff,d_9697d8c629
q_92940ed0ff,d_ce94f32ecd
q_92940ed0ff,d_f5d1f4d96b
q_92940ed0ff,d_6c8b749b65
q_92940ed0ff,d_61e313b506
q_92b69b64e7,d_7f3cc579a7
q_92b69b64e7,d_083198d02d
q_92b69b64e7,d_61e313b506
q_92b69b64e7,d_f5d1f4d96b
q_92b69b64e7,d_0e189b18aa
q_92bc466e9e,d_ce94f32ecd
q_92bc466e9e,d_9697d8c629
q_92bc466e9e,d_f5d1f4d96b
q_92bc466e9e,d_61e313b506
q_92bc466e9e,d_c43cad7282
q_935ab54eed,d_f8b2945e8d
q_935ab54eed,d_721df03545
q_935ab54eed,d_61e313b506
q_935ab54eed,d_f5d1f4d96b
q_935ab54eed,d_8b90552773
q_958dccf55d,d_61e313b506
q_958dccf55d,d_f8b2945e8d
q_958dccf55d,d_ce94f32ecd
q_958dccf55d,d_0e189b18aa
q_958dccf55d,d_083198d02d
q_95d079c924,d_4a9981e720
q_95d079c924,d_8df79c0571
q_95d079c924,d_7f3cc579a7
q_95d079c924,d_384357bef5
q_95d079c924,d_0e189b18aa
q_98c52e4d1c,d_ce94f32ecd
q_98c52e4d1c,d_647812641b
q_98c52e4d1c,d_8b90552773
q_98c52e4d1c,d_721df03545
q_98c52e4d1c,d_61e313b506
q_9a55c125fc,d_d68f4ab7ea
q_9a55c125fc,d_0e189b18aa
q_9a55c125fc,d_083198d02d
q_9a55c125fc,d_384357bef5
q_9a55c125fc,d_8df79c0571
q_9a7e81165f,d_c43cad7282
q_9a7e81165f,d_4a9981e720
q_9a7e81165f,d_6c4d07449c
q_9a7e81165f,d_0e189b18aa
q_9a7e81165f,d_b25f50310e
q_9cdef9a470,d_61e313b506
q_9cdef9a470,d_c43cad7282
q_9cdef9a470,d_6c8b749b65
q_9cdef9a470,d_de01daec14
q_9cdef9a470,d_384357bef5
q_9d8a46177a,d_721df03545
q_9d8a46177a,d_8b90552773
q_9d8a46177a,d_f8b2945e8d
q_9d8a46177a,d_61e313b506
q_9d8a46177a,d_de01daec14
q_9db0d94de9,d_de01daec14
q_9db0d94de9,d_083198d02d
q_9db0d94de9,d_6c4d07449c
q_9db0d94de9,d_6c8b749b65
q_9db0d94de9,d_0e189b18aa
q_9de73957c3,d_384357bef5
q_9de73957c3,d_083198d02d
q_9de73957c3,d_0e189b18aa
q_9de73957c3,d_de01daec14
q_9de73957c3,d_7f3cc579a7
q_9e50cf4164,d_6c8b749b65
q_9e50cf4164,d_c43cad7282
q_9e50cf4164,d_4a9981e720
q_9e50cf4164,d_0e189b18aa
q_9e50cf4164,d_61e313b506
q_a05adafb03,d_083198d02d
q_a05adafb03,d_61e313b506
q_a05adafb03,d_8df79c0571
q_a05adafb03,d_f8b2945e8d
q_a05adafb03,d_384357bef5
q_a09f4be04e,d_721df03545
q_a09f4be04e,d_f8b2945e8d
q_a09f4be04e,d_8b90552773
q_a09f4be04e,d_c43cad7282
q_a09f4be04e,d_f5d1f4d96b
q_a0a7ddd9bd,d_61e313b506
q_a0a7ddd9bd,d_6c8b749b65
q_a0a7ddd9bd,d_721df03545
q_a0a7ddd9bd,d_647812641b
q_a0a7ddd9bd,d_de01daec14
q_a10b70c774,d_c43cad7282
q_a10b70c774,d_6c4d07449c
q_a10b70c774,d_de01daec14
q_a10b70c774,d_4a9981e720
q_a10b70c774,d_0e189b18aa
q_a1f8448ab2,d_0e189b18aa
q_a1f8448ab2,d_083198d02d
q_a1f8448ab2,d_7f3cc579a7
q_a1f8448ab2,d_c43cad7282
q_a1f8448ab2,d_8df79c0571
q_a3289a5943,d_c43cad7282
q_a3289a5943,d_6c8b749b65
q_a3289a5943,d_4a9981e720
q_a3289a5943,d_6c4d07449c
q_a3289a5943,d_b25f50310e
q_a3bae8a341,d_6c8b749b65
q_a3bae8a341,d_61e313b506
q_a3bae8a341,d_9697d8c629
q_a3bae8a341,d_4a9981e720
q_a3bae8a341,d_c43cad7282
q_a54b01c212,d_f8b2945e8d
q_a54b01c212,d_721df03545
q_a54b01c212,d_f5d1f4d96b
q_a54b01c212,d_8b90552773
q_a54b01c212,d_61e313b506
q_a5af951077,d_f8b2945e8d
q_a5af951077,d_ce94f32ecd
q_a5af951077,d_f5d1f4d96b
q_a5af951077,d_721df03545
q_a5af951077,d_8b90552773
q_a6ee578a69,d_b25f50310e
q_a6ee578a69,d_4a9981e720
q_a6ee578a69,d_6c4d07449c
q_a6ee578a69,d_c43cad7282
q_a6ee578a69,d_61e313b506
q_a76a42e67b,d_61e313b506
q_a76a42e67b,d_d68f4ab7ea
q_a76a42e67b,d_6c8b749b65
q_a76a42e67b,d_0e189b18aa
q_a76a42e67b,d_6c4d07449c
q_a77409afb9,d_f8b2945e8d
q_a77409afb9,d_721df03545
q_a77409afb9,d_61e313b506
q_a77409afb9,d_8b90552773
q_a77409afb9,d_ce94f32ecd
q_a930eaebdb,d_0e189b18aa
q_a930eaebdb,d_6c4d07449c
q_a930eaebdb,d_6c8b749b65
q_a930eaebdb,d_083198d02d
q_a930eaebdb,d_7f3cc579a7
q_a94734c54e,d_ce94f32ecd
q_a94734c54e,d_9697d8c629
q_a94734c54e,d_f5d1f4d96b
q_a94734c54e,d_61e313b506
q_a94734c54e,d_6c8b749b65
q_a9ebe48bb4,d_c43cad7282
q_a9ebe48bb4,d_6c8b749b65
q_a9ebe48bb4,d_61e313b506
q_a9ebe48bb4,d_f8b2945e8d
q_a9ebe48bb4,d_647812641b
q_aaa48facd1,d_6c4d07449c
q_aaa48facd1,d_61e313b506
q_aaa48facd1,d_0e189b18aa
q_aaa48facd1,d_b25f50310e
q_aaa48facd1,d_d68f4ab7ea
q_abd64de1b2,d_c43cad7282
q_abd64de1b2,d_6c4d07449c
q_abd64de1b2,d_61e313b506
q_abd64de1b2,d_0e189b18aa
q_abd64de1b2,d_647812641b
q_ac3ad6044e,d_6c8b749b65
q_ac3ad6044e,d_d68f4ab7ea
q_ac3ad6044e,d_647812641b
q_ac3ad6044e,d_61e313b506
q_ac3ad6044e,d_de01daec14
q_ac79620ead,d_f8b2945e8d
q_ac79620ead,d_8b90552773
q_ac79620ead,d_f5d1f4d96b
q_ac79620ead,d_721df03545
q_ac79620ead,d_c43cad7282
q_ae9804b763,d_61e313b506
q_ae9804b763,d_0e189b18aa
q_ae9804b763,d_721df03545
q_ae9804b763,d_6c8b749b65
q_ae9804b763,d_b25f50310e
q_aeccfabcff,d_0e189b18aa
q_aeccfabcff,d_8df79c0571
q_aeccfabcff,d_384357bef5
q_aeccfabcff,d_7f3cc579a7
q_aeccfabcff,d_d68f4ab7ea
q_af15c9c080,d_6c4d07449c
q_af15c9c080,d_4a9981e720
q_af15c9c080,d_c43cad7282
q_af15c9c080,d_b25f50310e
q_af15c9c080,d_61e313b506
q_b00b42a668,d_f8b2945e8d
q_b00b42a668,d_6c4d07449c
q_b00b42a668,d_4a9981e720
q_b00b42a668,d_ce94f32ecd
q_b00b42a668,d_f5d1f4d96b
q_b05c6d2289,d_61e313b506
q_b05c6d2289,d_6c8b749b65
q_b05c6d2289,d_083198d02d
q_b05c6d2289,d_0e189b18aa
q_b05c6d2289,d_c43cad7282
q_b07a41dddf,d_ce94f32ecd
q_b07a41dddf,d_9697d8c629
q_b07a41dddf,d_f5d1f4d96b
q_b07a41dddf,d_61e313b506
q_b07a41dddf,d_f8b2945e8d
q_b122797c70,d_c43cad7282
q_b122797c70,d_6c8b749b65
q_b122797c70,d_083198d02d
q_b122797c70,d_de01daec14
q_b122797c70,d_384357bef5
q_b1976e946c,d_f8b2945e8d
q_b1976e946c,d_f5d1f4d96b
q_b1976e946c,d_de01daec14
q_b1976e946c,d_384357bef5
q_b1976e946c,d_d68f4ab7ea
q_b1bc5e74c3,d_8df79c0571
q_b1bc5e74c3,d_61e313b506
q_b1bc5e74c3,d_6c4d07449c
q_b1bc5e74c3,d_083198d02d
q_b1bc5e74c3,d_7f3cc579a7
q_b1cafa0d9b,d_6c8b749b65
q_b1cafa0d9b,d_6c4d07449c
q_b1cafa0d9b,d_ce94f32ecd
q_b1cafa0d9b,d_8df79c0571
q_b1cafa0d9b,d_721df03545
q_b1f89c69aa,d_6c8b749b65
q_b1f89c69aa,d_b25f50310e
q_b1f89c69aa,d_0e189b18aa
q_b1f89c69aa,d_4a9981e720
q_b1f89c69aa,d_721df03545
q_b4b4e4f0e3,d_f8b2945e8d
q_b4b4e4f0e3,d_f5d1f4d96b
q_b4b4e4f0e3,d_721df03545
q_b4b4e4f0e3,d_8b90552773
q_b4b4e4f0e3,d_de01daec14
q_b57ae3f9b9,d_f5d1f4d96b
q_b57ae3f9b9,d_f8b2945e8d
q_b57ae3f9b9,d_721df03545
q_b57ae3f9b9,d_8b90552773
q_b57ae3f9b9,d_ce94f32ecd
q_b91ec450fb,d_4a9981e720
q_b91ec450fb,d_b25f50310e
q_b91ec450fb,d_c43cad7282
q_b91ec450fb,d_61e313b506
q_b91ec450fb,d_6c4d07449c
q_b935bfe484,d_6c8b749b65
q_b935bfe484,d_647812641b
q_b935bfe484,d_de01daec14
q_b935bfe484,d_0e189b18aa
q_b935bfe484,d_384357bef5
q_b97c4706f5,d_61e313b506
q_b97c4706f5,d_6c8b749b65
q_b97c4706f5,d_0e189b18aa
q_b97c4706f5,d_f8b2945e8d
q_b97c4706f5,d_6c4d07449c
q_ba6598bced,d_6c8b749b65
q_ba6598bced,d_647812641b
q_ba6598bced,d_de01daec14
q_ba6598bced,d_d68f4ab7ea
q_ba6598bced,d_721df03545
q_bb2bbff5d4,d_384357bef5
q_bb2bbff5d4,d_7f3cc579a7
q_bb2bbff5d4,d_8df79c0571
q_bb2bbff5d4,d_4a9981e720
q_bb2bbff5d4,d_0e189b18aa
q_bce0cb62d1,d_6c8b749b65
q_bce0cb62d1,d_647812641b
q_bce0cb62d1,d_61e313b506
q_bce0cb62d1,d_d68f4ab7ea
q_bce0cb62d1,d_de01daec14
q_bdbbb95e5b,d_384357bef5
q_bdbbb95e5b,d_61e313b506
q_bdbbb95e5b,d_de01daec14
q_bdbbb95e5b,d_083198d02d
q_bdbbb95e5b,d_7f3cc579a7
q_c0db7a9a56,d_f8b2945e8d
q_c0db7a9a56,d_f5d1f4d96b
q_c0db7a9a56,d_ce94f32ecd
q_c0db7a9a56,d_9697d8c629
q_c0db7a9a56,d_8b90552773
q_c2e26adc84,d_61e313b506
q_c2e26adc84,d_ce94f32ecd
q_c2e26adc84,d_c43cad7282
q_c2e26adc84,d_de01daec14
q_c2e26adc84,d_6c4d07449c
q_c47130d60c,d_f5d1f4d96b
q_c47130d60c,d_8b90552773
q_c47130d60c,d_f8b2945e8d
q_c47130d60c,d_721df03545
q_c47130d60c,d_c43cad7282
q_c56fdba2fc,d_ce94f32ecd
q_c56fdba2fc,d_8df79c0571
q_c56fdba2fc,d_de01daec14
q_c56fdba2fc,d_f5d1f4d96b
q_c56fdba2fc,d_083198d02d
q_c60d23eab8,d_647812641b
q_c60d23eab8,d_0e189b18aa
q_c60d23eab8,d_6c8b749b65
q_c60d23eab8,d_61e313b506
q_c60d23eab8,d_083198d02d
q_c629245a8c,d_ce94f32ecd
q_c629245a8c,d_de01daec14
q_c629245a8c,d_f8b2945e8d
q_c629245a8c,d_6c8b749b65
q_c629245a8c,d_c43cad7282
q_c693d95d02,d_ce94f32ecd
q_c693d95d02,d_f5d1f4d96b
q_c693d95d02,d_f8b2945e8d
q_c693d95d02,d_6c8b749b65
q_c693d95d02,d_61e313b506
q_c6c881afd3,d_4a9981e720
q_c6c881afd3,d_b25f50310e
q_c6c881afd3,d_c43cad7282
q_c6c881afd3,d_6c4d07449c
q_c6c881afd3,d_f8b2945e8d
q_c742196f19,d_6c8b749b65
q_c742196f19,d_721df03545
q_c742196f19,d_7f3cc579a7
q_c742196f19,d_f8b2945e8d
q_c742196f19,d_61e313b506
q_c7748fe5a3,d_6c8b749b65
q_c7748fe5a3,d_61e313b506
q_c7748fe5a3,d_647812641b
q_c7748fe5a3,d_d68f4ab7ea
q_c7748fe5a3,d_f8b2945e8d
q_c7a2a46e5f,d_4a9981e720
q_c7a2a46e5f,d_b25f50310e
q_c7a2a46e5f,d_c43cad7282
q_c7a2a46e5f,d_6c4d07449c
q_c7a2a46e5f,d_61e313b506
q_c83eb1a3c6,d_6c4d07449c
q_c83eb1a3c6,d_c43cad7282
q_c83eb1a3c6,d_61e313b506
q_c83eb1a3c6,d_4a9981e720
q_c83eb1a3c6,d_647812641b
q_cb56bb82ba,d_721df03545
q_cb56bb82ba,d_6c8b749b65
q_cb56bb82ba,d_61e313b506
q_cb56bb82ba,d_f8b2945e8d
q_cb56bb82ba,d_c43cad7282
q_cb82822dbb,d_4a9981e720
q_cb82822dbb,d_b25f50310e
q_cb82822dbb,d_c43cad7282
q_cb82822dbb,d_6c4d07449c
q_cb82822dbb,d_083198d02d
q_cba513ed13,d_61e313b506
q_cba513ed13,d_6c8b749b65
q_cba513ed13,d_7f3cc579a7
q_cba513ed13,d_0e189b18aa
q_cba513ed13,d_de01daec14
q_cc8821d9ad,d_0e189b18aa
q_cc8821d9ad,d_8df79c0571
q_cc8821d9ad,d_7f3cc579a7
q_cc8821d9ad,d_384357bef5
q_cc8821d9ad,d_6c4d07449c
q_cd2a9738ff,d_f5d1f4d96b
q_cd2a9738ff,d_8b90552773
q_cd2a9738ff,d_f8b2945e8d
q_cd2a9738ff,d_721df03545
q_cd2a9738ff,d_de01daec14
q_ce520cb7fb,d_6c8b749b65
q_ce520cb7fb,d_d68f4ab7ea
q_ce520cb7fb,d_647812641b
q_ce520cb7fb,d_de01daec14
q_ce520cb7fb,d_c43cad7282
q_d0b721ce1f,d_7f3cc579a7
q_d0b721ce1f,d_083198d02d
q_d0b721ce1f,d_61e313b506
q_d0b721ce1f,d_8df79c0571
q_d0b721ce1f,d_de01daec14
q_d1fb8ed038,d_6c8b749b65
q_d1fb8ed038,d_de01daec14
q_d1fb8ed038,d_61e313b506
q_d1fb8ed038,d_ce94f32ecd
q_d1fb8ed038,d_0e189b18aa
q_d21eee7466,d_c43cad7282
q_d21eee7466,d_4a9981e720
q_d21eee7466,d_6c4d07449c
q_d21eee7466,d_b25f50310e
q_d21eee7466,d_647812641b
q_d24a86a08c,d_61e313b506
q_d24a86a08c,d_647812641b
q_d24a86a08c,d_de01daec14
q_d24a86a08c,d_0e189b18aa
q_d24a86a08c,d_d68f4ab7ea
q_d270940960,d_61e313b506
q_d270940960,d_0e189b18aa
q_d270940960,d_de01daec14
q_d270940960,d_6c8b749b65
q_d270940960,d_d68f4ab7ea
q_d2728921e0,d_ce94f32ecd
q_d2728921e0,d_6c8b749b65
q_d2728921e0,d_61e313b506
q_d2728921e0,d_083198d02d
q_d2728921e0,d_8df79c0571
q_d33a11cbc5,d_ce94f32ecd
q_d33a11cbc5,d_f5d1f4d96b
q_d33a11cbc5,d_9697d8c629
q_d33a11cbc5,d_f8b2945e8d
q_d33a11cbc5,d_61e313b506
q_d3c226b054,d_b25f50310e
q_d3c226b054,d_4a9981e720
q_d3c226b054,d_c43cad7282
q_d3c226b054,d_6c4d07449c
q_d3c226b054,d_7f3cc579a7
q_d3f14d5200,d_61e313b506
q_d3f14d5200,d_6c8b749b65
q_d3f14d5200,d_6c4d07449c
q_d3f14d5200,d_0e189b18aa
q_d3f14d5200,d_d68f4ab7ea
q_d41481e3c0,d_6c8b749b65
q_d41481e3c0,d_61e313b506
q_d41481e3c0,d_647812641b
q_d41481e3c0,d_d68f4ab7ea
q_d41481e3c0,d_8df79c0571
q_d5908d4962,d_0e189b18aa
q_d5908d4962,d_6c8b749b65
q_d5908d4962,d_083198d02d
q_d5908d4962,d_d68f4ab7ea
q_d5908d4962,d_de01daec14
q_d70cf33278,d_f5d1f4d96b
q_d70cf33278,d_f8b2945e8d
q_d70cf33278,d_8b90552773
q_d70cf33278,d_721df03545
q_d70cf33278,d_4a9981e720
q_d72774e539,d_f8b2945e8d
q_d72774e539,d_8b90552773
q_d72774e539,d_721df03545
q_d72774e539,d_f5d1f4d96b
q_d72774e539,d_c43cad7282
q_d770567662,d_8b90552773
q_d770567662,d_b25f50310e
q_d770567662,d_0e189b18aa
q_d770567662,d_384357bef5
q_d770567662,d_f5d1f4d96b
q_d8b3720f43,d_083198d02d
q_d8b3720f43,d_7f3cc579a7
q_d8b3720f43,d_f5d1f4d96b
q_d8b3720f43,d_0e189b18aa
q_d8b3720f43,d_61e313b506
q_d94b3a29c4,d_f5d1f4d96b
q_d94b3a29c4,d_f8b2945e8d
q_d94b3a29c4,d_6c8b749b65
q_d94b3a29c4,d_c43cad7282
q_d94b3a29c4,d_721df03545
q_d99da5b254,d_f8b2945e8d
q_d99da5b254,d_6c8b749b65
q_d99da5b254,d_de01daec14
q_d99da5b254,d_721df03545
q_d99da5b254,d_61e313b506
q_d9dcc68354,d_f5d1f4d96b
q_d9dcc68354,d_9697d8c629
q_d9dcc68354,d_ce94f32ecd
q_d9dcc68354,d_61e313b506
q_d9dcc68354,d_f8b2945e8d
q_dad8e3b898,d_61e313b506
q_dad8e3b898,d_6c8b749b65
q_dad8e3b898,d_de01daec14
q_dad8e3b898,d_c43cad7282
q_dad8e3b898,d_d68f4ab7ea
q_db2ba85f6e,d_f8b2945e8d
q_db2ba85f6e,d_f5d1f4d96b
q_db2ba85f6e,d_721df03545
q_db2ba85f6e,d_8b90552773
q_db2ba85f6e,d_ce94f32ecd
q_db40577851,d_c43cad7282
q_db40577851,d_721df03545
q_db40577851,d_61e313b506
q_db40577851,d_7f3cc579a7
q_db40577851,d_ce94f32ecd
q_db90d2e4a7,d_f8b2945e8d
q_db90d2e4a7,d_721df03545
q_db90d2e4a7,d_f5d1f4d96b
q_db90d2e4a7,d_8b90552773
q_db90d2e4a7,d_61e313b506
q_dc3f618035,d_c43cad7282
q_dc3f618035,d_f8b2945e8d
q_dc3f618035,d_721df03545
q_dc3f618035,d_61e313b506
q_dc3f618035,d_d68f4ab7ea
q_dc727075fb,d_ce94f32ecd
q_dc727075fb,d_c43cad7282
q_dc727075fb,d_61e313b506
q_dc727075fb,d_4a9981e720
q_dc727075fb,d_de01daec14
q_dde195b1d6,d_de01daec14
q_dde195b1d6,d_b25f50310e
q_dde195b1d6,d_083198d02d
q_dde195b1d6,d_61e313b506
q_dde195b1d6,d_7f3cc579a7
q_ddf07be7f1,d_61e313b506
q_ddf07be7f1,d_0e189b18aa
q_ddf07be7f1,d_384357bef5
q_ddf07be7f1,d_d68f4ab7ea
q_ddf07be7f1,d_6c8b749b65
q_df9d12f169,d_0e189b18aa
q_df9d12f169,d_de01daec14
q_df9d12f169,d_6c4d07449c
q_df9d12f169,d_c43cad7282
q_df9d12f169,d_721df03545
q_e120dec89d,d_61e313b506
q_e120dec89d,d_6c8b749b65
q_e120dec89d,d_9697d8c629
q_e120dec89d,d_0e189b18aa
q_e120dec89d,d_083198d02d
q_e1eef1e6ff,d_f8b2945e8d
q_e1eef1e6ff,d_c43cad7282
q_e1eef1e6ff,d_6c8b749b65
q_e1eef1e6ff,d_d68f4ab7ea
q_e1eef1e6ff,d_721df03545
q_e226438cc2,d_721df03545
q_e226438cc2,d_61e313b506
q_e226438cc2,d_f8b2945e8d
q_e226438cc2,d_6c4d07449c
q_e226438cc2,d_6c8b749b65
q_e24279f61e,d_61e313b506
q_e24279f61e,d_721df03545
q_e24279f61e,d_6c8b749b65
q_e24279f61e,d_f8b2945e8d
q_e24279f61e,d_6c4d07449c
q_e26122b15f,d_0e189b18aa
q_e26122b15f,d_61e313b506
q_e26122b15f,d_de01daec14
q_e26122b15f,d_d68f4ab7ea
q_e26122b15f,d_083198d02d
q_e347d40673,d_61e313b506
q_e347d40673,d_d68f4ab7ea
q_e347d40673,d_c43cad7282
q_e347d40673,d_de01daec14
q_e347d40673,d_b25f50310e
q_e3b3b5b950,d_ce94f32ecd
q_e3b3b5b950,d_f5d1f4d96b
q_e3b3b5b950,d_9697d8c629
q_e3b3b5b950,d_61e313b506
q_e3b3b5b950,d_c43cad7282
q_e4b15d0b61,d_6c8b749b65
q_e4b15d0b61,d_ce94f32ecd
q_e4b15d0b61,d_61e313b506
q_e4b15d0b61,d_647812641b
q_e4b15d0b61,d_d68f4ab7ea
q_e7686b6a10,d_b25f50310e
q_e7686b6a10,d_0e189b18aa
q_e7686b6a10,d_9697d8c629
q_e7686b6a10,d_4a9981e720
q_e7686b6a10,d_083198d02d
q_e81733335b,d_c43cad7282
q_e81733335b,d_61e313b506
q_e81733335b,d_6c8b749b65
q_e81733335b,d_6c4d07449c
q_e81733335b,d_647812641b
q_e88f2e7044,d_6c8b749b65
q_e88f2e7044,d_083198d02d
q_e88f2e7044,d_0e189b18aa
q_e88f2e7044,d_c43cad7282
q_e88f2e7044,d_de01daec14
q_e97fa42d53,d_61e313b506
q_e97fa42d53,d_c43cad7282
q_e97fa42d53,d_6c8b749b65
q_e97fa42d53,d_647812641b
q_e97fa42d53,d_4a9981e720
q_e9a3e92d94,d_721df03545
q_e9a3e92d94,d_f8b2945e8d
q_e9a3e92d94,d_8b90552773
q_e9a3e92d94,d_f5d1f4d96b
q_e9a3e92d94,d_61e313b506
q_e9f0248a21,d_b25f50310e
q_e9f0248a21,d_d68f4ab7ea
q_e9f0248a21,d_61e313b506
q_e9f0248a21,d_8df79c0571
q_e9f0248a21,d_ce94f32ecd
q_ebfa8f8fe0,d_b25f50310e
q_ebfa8f8fe0,d_4a9981e720
q_ebfa8f8fe0,d_61e313b506
q_ebfa8f8fe0,d_c43cad7282
q_ebfa8f8fe0,d_6c4d07449c
q_eda0054641,d_d68f4ab7ea
q_eda0054641,d_0e189b18aa
q_eda0054641,d_de01daec14
q_eda0054641,d_9697d8c629
q_eda0054641,d_384357bef5
q_edfaffc32f,d_c43cad7282
q_edfaffc32f,d_61e313b506
q_edfaffc32f,d_721df03545
q_edfaffc32f,d_7f3cc579a7
q_edfaffc32f,d_083198d02d
q_ee62376190,d_6c8b749b65
q_ee62376190,d_61e313b506
q_ee62376190,d_d68f4ab7ea
q_ee62376190,d_647812641b
q_ee62376190,d_ce94f32ecd
q_eeae449be5,d_f8b2945e8d
q_eeae449be5,d_721df03545
q_eeae449be5,d_f5d1f4d96b
q_eeae449be5,d_61e313b506
q_eeae449be5,d_8b90552773
q_ef6c1aafcb,d_ce94f32ecd
q_ef6c1aafcb,d_f5d1f4d96b
q_ef6c1aafcb,d_8b90552773
q_ef6c1aafcb,d_61e313b506
q_ef6c1aafcb,d_f8b2945e8d
q_ef724b3bb4,d_4a9981e720
q_ef724b3bb4,d_b25f50310e
q_ef724b3bb4,d_6c4d07449c
q_ef724b3bb4,d_c43cad7282
q_ef724b3bb4,d_d68f4ab7ea
q_f099bdb15d,d_61e313b506
q_f099bdb15d,d_6c4d07449c
q_f099bdb15d,d_c43cad7282
q_f099bdb15d,d_0e189b18aa
q_f099bdb15d,d_6c8b749b65
q_f0e44a3fd3,d_6c8b749b65
q_f0e44a3fd3,d_647812641b
q_f0e44a3fd3,d_61e313b506
q_f0e44a3fd3,d_d68f4ab7ea
q_f0e44a3fd3,d_de01daec14
q_f24f305830,d_f8b2945e8d
q_f24f305830,d_f5d1f4d96b
q_f24f305830,d_721df03545
q_f24f305830,d_d68f4ab7ea
q_f24f305830,d_4a9981e720
q_f25a345668,d_61e313b506
q_f25a345668,d_6c8b749b65
q_f25a345668,d_0e189b18aa
q_f25a345668,d_d68f4ab7ea
q_f25a345668,d_647812641b
q_f27abe47f2,d_f8b2945e8d
q_f27abe47f2,d_721df03545
q_f27abe47f2,d_083198d02d
q_f27abe47f2,d_384357bef5
q_f27abe47f2,d_6c8b749b65
q_f28708d937,d_c43cad7282
q_f28708d937,d_8b90552773
q_f28708d937,d_6c8b749b65
q_f28708d937,d_f8b2945e8d
q_f28708d937,d_f5d1f4d96b
q_f2a6816ed9,d_6c8b749b65
q_f2a6816ed9,d_f8b2945e8d
q_f2a6816ed9,d_8df79c0571
q_f2a6816ed9,d_7f3cc579a7
q_f2a6816ed9,d_c43cad7282
q_f3225b975b,d_61e313b506
q_f3225b975b,d_0e189b18aa
q_f3225b975b,d_f8b2945e8d
q_f3225b975b,d_c43cad7282
q_f3225b975b,d_b25f50310e
q_f341839319,d_6c8b749b65
q_f341839319,d_d68f4ab7ea
q_f341839319,d_647812641b
q_f341839319,d_de01daec14
q_f341839319,d_8df79c0571
q_f3888c6449,d_6c4d07449c
q_f3888c6449,d_b25f50310e
q_f3888c6449,d_61e313b506
q_f3888c6449,d_6c8b749b65
q_f3888c6449,d_0e189b18aa
q_f3a9507c36,d_61e313b506
q_f3a9507c36,d_6c8b749b65
q_f3a9507c36,d_c43cad7282
q_f3a9507c36,d_0e189b18aa
q_f3a9507c36,d_647812641b
q_f66b307d04,d_6c4d07449c
q_f66b307d04,d_384357bef5
q_f66b307d04,d_d68f4ab7ea
q_f66b307d04,d_de01daec14
q_f66b307d04,d_7f3cc579a7
q_f6e34252d3,d_6c8b749b65
q_f6e34252d3,d_083198d02d
q_f6e34252d3,d_61e313b506
q_f6e34252d3,d_0e189b18aa
q_f6e34252d3,d_d68f4ab7ea
q_f7e4569ac9,d_b25f50310e
q_f7e4569ac9,d_4a9981e720
q_f7e4569ac9,d_c43cad7282
q_f7e4569ac9,d_61e313b506
q_f7e4569ac9,d_6c4d07449c
q_f97b13bc98,d_6c8b749b65
q_f97b13bc98,d_647812641b
q_f97b13bc98,d_d68f4ab7ea
q_f97b13bc98,d_61e313b506
q_f97b13bc98,d_de01daec14
q_fa578be6b9,d_6c8b749b65
q_fa578be6b9,d_6c4d07449c
q_fa578be6b9,d_61e313b506
q_fa578be6b9,d_0e189b18aa
q_fa578be6b9,d_4a9981e720
q_fa8af0f99d,d_f8b2945e8d
q_fa8af0f99d,d_6c8b749b65
q_fa8af0f99d,d_6c4d07449c
q_fa8af0f99d,d_c43cad7282
q_fa8af0f99d,d_61e313b506
q_fb8abb8580,d_6c8b749b65
q_fb8abb8580,d_6c4d07449c
q_fb8abb8580,d_384357bef5
q_fb8abb8580,d_647812641b
q_fb8abb8580,d_de01daec14
q_fb96af8603,d_d68f4ab7ea
q_fb96af8603,d_6c8b749b65
q_fb96af8603,d_9697d8c629
q_fb96af8603,d_61e313b506
q_fb96af8603,d_de01daec14
q_fd17e9f753,d_647812641b
q_fd17e9f753,d_61e313b506
q_fd17e9f753,d_6c8b749b65
q_fd17e9f753,d_0e189b18aa
q_fd17e9f753,d_6c4d07449c
q_fd2479882f,d_c43cad7282
q_fd2479882f,d_721df03545
q_fd2479882f,d_61e313b506
q_fd2479882f,d_b25f50310e
q_fd2479882f,d_ce94f32ecd
q_fd869f823d,d_721df03545
q_fd869f823d,d_c43cad7282
q_fd869f823d,d_f8b2945e8d
q_fd869f823d,d_f5d1f4d96b
q_fd869f823d,d_8b90552773
q_fda470745d,d_f8b2945e8d
q_fda470745d,d_c43cad7282
q_fda470745d,d_f5d1f4d96b
q_fda470745d,d_721df03545
q_fda470745d,d_6c8b749b65
q_ff49caa8a1,d_ce94f32ecd
q_ff49caa8a1,d_61e313b506
q_ff49caa8a1,d_6c8b749b65
q_ff49caa8a1,d_f8b2945e8d
q_ff49caa8a1,d_c43cad7282
q_ffb8f8c348,d_6c4d07449c
q_ffb8f8c348,d_4a9981e720
q_ffb8f8c348,d_c43cad7282
q_ffb8f8c348,d_b25f50310e
q_ffb8f8c348,d_721df03545
